bahasa,kata,frekuensi
en,film,12
en,international,9
en,conference,6
en,festival,6
en,indonesia,6
en,best,5
en,rainbow,5
en,troops,5
en,award,4
en,education,4
en,indonesian,4
en,research,4
en,students,4
en,also,3
en,novel,3
en,andrea,2
en,areas,2
en,arts,2
en,awards,2
en,belitong,2
en,book,2
en,children,2
en,east,2
en,face,2
en,group,2
en,hirata,2
en,humanities,2
en,ikal,2
en,laskar,2
en,papers,2
en,pelangi,2
en,poverty,2
en,rd,2
en,readers,2
en,september,2
en,story,2
en,tells,2
en,th,2
en,young,2
en,天虹战队小学,2
en,academic,1
en,academics,1
en,access,1
en,adapted,1
en,address,1
en,adults,1
en,amazing,1
en,angle,1
en,applied,1
en,asian,1
en,audience,1
en,author,1
en,bandung,1
en,based,1
en,beauty,1
en,bentang,1
en,berlin,1
en,big,1
en,books,1
en,broad,1
en,butterfly,1
en,childhood,1
en,chronic,1
en,cinepanz,1
en,closure,1
en,cologne,1
en,colonialism,1
en,community,1
en,conferences,1
en,confidence,1
en,constant,1
en,continual,1
en,contributed,1
en,corporations,1
en,crumbling,1
en,cultural,1
en,date,1
en,debut,1
en,deepening,1
en,determination,1
en,development,1
en,dignity,1
en,discrimination,1
en,discuss,1
en,dissemination,1
en,distinguishable,1
en,dreamer,1
en,edensor,1
en,educational,1
en,effect,1
en,efforts,1
en,encourages,1
en,even,1
en,every,1
en,fabulously,1
en,far,1
en,features,1
en,fight,1
en,fighting,1
en,findings,1
en,first,1
en,forum,1
en,found,1
en,four,1
en,friends,1
en,friendship,1
en,germany,1
en,golden,1
en,government,1
en,greedy,1
en,hardly,1
en,hardship,1
en,held,1
en,home,1
en,hong,1
en,hope,1
en,iccsal,1
en,icei,1
en,icracos,1
en,icssl,1
en,ideas,1
en,including,1
en,infrastructure,1
en,innovation,1
en,inspirasi,1
en,inspiration,1
en,inspirational,1
en,inspire,1
en,intellectuals,1
en,inviting,1
en,iran,1
en,island,1
en,java,1
en,joint,1
en,journey,1
en,karpov,1
en,knit,1
en,known,1
en,kong,1
en,law,1
en,linguistics,1
en,literature,1
en,love,1
en,low,1
en,magnetic,1
en,making,1
en,maryamah,1
en,millions,1
en,mizan,1
en,modern,1
en,national,1
en,natural,1
en,nicknamed,1
en,nomination,1
en,not,1
en,novelist,1
en,officials,1
en,open,1
en,panorama,1
en,pemimpi,1
en,persistent,1
en,personalities,1
en,phenomenon,1
en,place,1
en,poorest,1
en,power,1
en,practitioners,1
en,present,1
en,provides,1
en,quartet,1
en,reached,1
en,reader,1
en,received,1
en,recognition,1
en,records,1
en,replaced,1
en,researchers,1
en,resources,1
en,rich,1
en,right,1
en,sales,1
en,sang,1
en,school,1
en,science,1
en,screen,1
en,screened,1
en,self,1
en,selling,1
en,series,1
en,services,1
en,set,1
en,shattered,1
en,significantly,1
en,signis,1
en,skeptical,1
en,social,1
en,student,1
en,studies,1
en,submit,1
en,success,1
en,surabaya,1
en,sure,1
en,take,1
en,teacher,1
en,teachers,1
en,ten,1
en,tetralogy,1
en,theoretical,1
en,threat,1
en,threats,1
en,three,1
en,tight,1
en,tireless,1
en,together,1
en,topics,1
en,udine,1
en,unflagging,1
en,village,1
en,within,1
en,world,1
en,worldwide,1
en,writer,1
en,下雨天,1
en,为了理想向命运宣战,1
en,亲身践行那句古老的格言,1
en,但他们的老师,1
en,到这里教书,1
en,前途美好,1
en,在南太平洋上,1
en,天才学生每天得游过鳄鱼栖息地上学,1
en,孩子们和老师一起,1
en,拒绝了,1
en,最有艺术细胞的孩子用零成本打造狂欢节演出,1
en,最终只会让你更强大,1
en,有专为穷人而建的学校,1
en,条件简陋,1
en,校长要卖菜为学生买课本,1
en,没有工资,1
en,的工作,1
en,破洞比砖瓦还多,1
en,老师要撑着香蕉叶上课,1
en,讲述了一个励志故事,1
en,资源匮乏,1
en,那些没把你击垮的,1
en,靠做针线活赚取生活费,1
id,indonesia,22
id,bahasa,18
id,laki,16
id,tidak,15
id,siswa,12
id,barat,11
id,berkulit,10
id,budaya,10
id,orang,10
id,putih,10
id,struktur,10
id,menulis,9
id,akademis,8
id,andrea,8
id,dunia,8
id,kisi,8
id,manusia,8
id,suara,8
id,tulisan,8
id,jerman,7
id,laskar,7
id,pelangi,7
id,pengetahuan,7
id,posisi,7
id,sastera,7
id,the,7
id,wacana,7
id,bidang,6
id,borjuis,6
id,bukan,6
id,buku,6
id,esei,6
id,free,6
id,global,6
id,i,6
id,inggris,6
id,kekuasaan,6
id,negara,6
id,script,6
id,spivak,6
id,timur,6
id,anekdot,5
id,eropa,5
id,hirata,5
id,kesadaran,5
id,memiliki,5
id,of,5
id,orientalisme,5
id,otoritatif,5
id,salah,5
id,a,4
id,bicara,4
id,dipelajari,4
id,edisi,4
id,jarang,4
id,jurusan,4
id,kajian,4
id,kegiatan,4
id,kerapkali,4
id,mahasiswa,4
id,mempelajari,4
id,new,4
id,pascakolonial,4
id,penulisan,4
id,perjalanan,4
id,relasi,4
id,samar,4
id,studi,4
id,teori,4
id,terbaru,4
id,universitas,4
id,university,4
id,york,4
id,am,3
id,beliau,3
id,belitung,3
id,berangkat,3
id,berbahasa,3
id,bersuara,3
id,book,3
id,diharapkan,3
id,disebabkan,3
id,disediakan,3
id,forum,3
id,full,3
id,hidup,3
id,in,3
id,institusi,3
id,jalur,3
id,karya,3
id,kelas,3
id,kemurkaan,3
id,kesempatan,3
id,khusus,3
id,kritis,3
id,kuliah,3
id,kumpulan,3
id,male,3
id,manakah,3
id,membentuk,3
id,memenangi,3
id,memposisikan,3
id,mencoba,3
id,novel,3
id,orientalis,3
id,perempuan,3
id,pilihan,3
id,rainbow,3
id,s,3
id,say,3
id,semangat,3
id,sesuai,3
id,situasi,3
id,software,3
id,terbitan,3
id,that,3
id,toefl,3
id,troops,3
id,unbk,3
id,white,3
id,,3
id,acara,2
id,akses,2
id,aktif,2
id,alternatif,2
id,amerika,2
id,an,2
id,and,2
id,anugerah,2
id,arti,2
id,asing,2
id,austronesia,2
id,bangsa,2
id,bentuk,2
id,berbeda,2
id,berbicara,2
id,berjudul,2
id,berkarya,2
id,bersikap,2
id,berubah,2
id,betapa,2
id,biasiswa,2
id,bourgeois,2
id,cenderung,2
id,chakravorty,2
id,cmedia,2
id,correct,2
id,de,2
id,diceritakan,2
id,dikembangkan,2
id,dilengkapi,2
id,eksplisit,2
id,fokus,2
id,gayatri,2
id,guru,2
id,hamburg,2
id,iaitu,2
id,indonesianis,2
id,institusional,2
id,international,2
id,istilah,2
id,kadang,2
id,karir,2
id,kategori,2
id,keji,2
id,ketidakadilan,2
id,kingdom,2
id,komunitas,2
id,kondisi,2
id,kreatif,2
id,lakukan,2
id,m,2
id,ma,2
id,materi,2
id,media,2
id,membawa,2
id,menduduki,2
id,menerima,2
id,menerusi,2
id,mengekspresikan,2
id,mengelak,2
id,minat,2
id,my,2
id,naskah,2
id,naskhah,2
id,not,2
id,on,2
id,pekerjaan,2
id,pendidikan,2
id,peneliti,2
id,penerbit,2
id,perancis,2
id,perkembangan,2
id,perkembangannya,2
id,perspektif,2
id,peta,2
id,politically,2
id,riri,2
id,riza,2
id,sastra,2
id,satunya,2
id,sbmptn,2
id,sepenuhnya,2
id,sikap,2
id,sma,2
id,substansial,2
id,sutradara,2
id,terpilih,2
id,timpang,2
id,tujuh,2
id,unik,2
id,united,2
id,usa,2
id,usaha,2
id,utbk,2
id,washington,2
id,will,2
id,you,2
id,abject,1
id,adakah,1
id,afrika,1
id,against,1
id,ahli,1
id,alami,1
id,alias,1
id,almamater,1
id,ambil,1
id,ampu,1
id,anak,1
id,android,1
id,aneh,1
id,antarabangsa,1
id,apps,1
id,apresiasi,1
id,arah,1
id,are,1
id,asia,1
id,asli,1
id,asyik,1
id,audiens,1
id,audio,1
id,bandel,1
id,bangunan,1
id,because,1
id,belitong,1
id,belum,1
id,berasal,1
id,berbekas,1
id,berdasar,1
id,berdiri,1
id,bergengsi,1
id,berhadapan,1
id,berhak,1
id,berjaya,1
id,berkaitan,1
id,berkelompok,1
id,berkembang,1
id,berkesempatan,1
id,berkuasa,1
id,berlanjut,1
id,berlin,1
id,bernama,1
id,berpartisipasi,1
id,berpendapat,1
id,berpendidikan,1
id,berperan,1
id,berpublikasi,1
id,bersamaan,1
id,bestseller,1
id,bse,1
id,buah,1
id,buchawards,1
id,budayanya,1
id,building,1
id,buruh,1
id,can,1
id,catatan,1
id,causa,1
id,certain,1
id,character,1
id,ciri,1
id,city,1
id,class,1
id,coba,1
id,coklat,1
id,company,1
id,correctness,1
id,dalamnya,1
id,dance,1
id,datangnya,1
id,degree,1
id,develop,1
id,diadaptasi,1
id,dialog,1
id,diam,1
id,dibicarakan,1
id,die,1
id,diedarkan,1
id,digemari,1
id,dihadapi,1
id,dilandasi,1
id,dilonjakkan,1
id,dimaknai,1
id,dipandang,1
id,diperoleh,1
id,dipertahankan,1
id,dipublikasikan,1
id,dirasakan,1
id,disukai,1
id,disusun,1
id,diterbitkan,1
id,diuntungkan,1
id,doctor,1
id,dominan,1
id,dosen,1
id,duo,1
id,e,1
id,edward,1
id,ekonomi,1
id,ekspresikan,1
id,enam,1
id,entitas,1
id,explore,1
id,fakultas,1
id,farrar,1
id,festival,1
id,fiction,1
id,filem,1
id,fisik,1
id,for,1
id,france,1
id,from,1
id,gambarkan,1
id,gaya,1
id,geluti,1
id,gender,1
id,general,1
id,germany,1
id,giroux,1
id,gordimer,1
id,guerrieres,1
id,gugatannya,1
id,hadiah,1
id,hadir,1
id,hadirlah,1
id,hallam,1
id,hambar,1
id,hand,1
id,hanser,1
id,has,1
id,have,1
id,heroik,1
id,hierarkis,1
id,history,1
id,hitam,1
id,hlm,1
id,honoris,1
id,house,1
id,identitas,1
id,identitasnya,1
id,india,1
id,inggeris,1
id,inspiratif,1
id,institut,1
id,intelektual,1
id,internasional,1
id,iowa,1
id,it,1
id,iwp,1
id,jangka,1
id,jejaring,1
id,kaitannya,1
id,kaitkan,1
id,kali,1
id,kampung,1
id,karyanya,1
id,katrin,1
id,keasyikan,1
id,kebebasan,1
id,kebijakan,1
id,kebudayaan,1
id,kecemasan,1
id,keharusan,1
id,keilmuannya,1
id,keistimewaan,1
id,kelahirannya,1
id,keliru,1
id,kembangkan,1
id,kenyataan,1
id,kepedulian,1
id,kepulauan,1
id,kesusasteraan,1
id,keterampilannya,1
id,keturunan,1
id,keunggulan,1
id,khas,1
id,kisah,1
id,kognitif,1
id,koloni,1
id,kolonial,1
id,kolonialisme,1
id,komunikasi,1
id,konon,1
id,konsep,1
id,kontribusi,1
id,koreografi,1
id,kritik,1
id,kuat,1
id,kulit,1
id,kupas,1
id,kutip,1
id,langsung,1
id,layar,1
id,leigh,1
id,lengkap,1
id,les,1
id,lesmana,1
id,let,1
id,level,1
id,lingkungannya,1
id,lokal,1
id,majalah,1
id,makna,1
id,mandir,1
id,manfaat,1
id,mantapkan,1
id,master,1
id,masuk,1
id,matakuliah,1
id,matteo,1
id,melanggengkan,1
id,melawan,1
id,meledak,1
id,melibatkan,1
id,melukiskan,1
id,memancing,1
id,memandang,1
id,memasuki,1
id,membaca,1
id,membantu,1
id,membiasakan,1
id,membicarakan,1
id,memperoleh,1
id,memproduksi,1
id,mempromosikan,1
id,menalar,1
id,menampilkan,1
id,menaruh,1
id,mencari,1
id,menciptakan,1
id,mendefinisikan,1
id,mendeskripsikan,1
id,mendokumentasikan,1
id,mendukung,1
id,menempatkannya,1
id,menemukan,1
id,menengah,1
id,menerapkan,1
id,menerus,1
id,menetap,1
id,mengadakan,1
id,mengalami,1
id,mengamati,1
id,mengambil,1
id,menganjurkan,1
id,mengasah,1
id,mengasyikkan,1
id,mengeksplorasi,1
id,mengenakkan,1
id,menggantikan,1
id,mengikuti,1
id,mengomunikasi,1
id,menguasai,1
id,meniadakan,1
id,menjuarai,1
id,menopang,1
id,menuliskan,1
id,menumbuhkan,1
id,menuntun,1
id,menyapa,1
id,menyebut,1
id,menyelesaikan,1
id,menyentuh,1
id,menyimpang,1
id,menyuarakan,1
id,menyumbang,1
id,meraih,1
id,merasakan,1
id,mercure,1
id,merefleksikannya,1
id,merencanakannya,1
id,mesti,1
id,mike,1
id,mira,1
id,mondar,1
id,monumentalnya,1
id,mts,1
id,muda,1
id,museum,1
id,muzikal,1
id,muzium,1
id,nadine,1
id,naluri,1
id,nama,1
id,nasional,1
id,niat,1
id,nobel,1
id,non,1
id,nyaman,1
id,nyata,1
id,online,1
id,only,1
id,orhan,1
id,orient,1
id,oriental,1
id,orientalism,1
id,orientalistik,1
id,orientasi,1
id,other,1
id,otoritas,1
id,pamuk,1
id,pandangan,1
id,pandangannya,1
id,papua,1
id,pasifik,1
id,patuh,1
id,peculiar,1
id,pelajaran,1
id,pelbagai,1
id,pemain,1
id,pembaca,1
id,pembahasan,1
id,pembelajaran,1
id,pembicara,1
id,pemecah,1
id,pemenang,1
id,pemerintah,1
id,pemikir,1
id,pemikiran,1
id,penanya,1
id,pendekatan,1
id,penduduk,1
id,pengalaman,1
id,pengambilan,1
id,pengantar,1
id,pengetahuannya,1
id,penghargaan,1
id,penguin,1
id,penilaian,1
id,penjajah,1
id,penjajahan,1
id,penuh,1
id,perak,1
id,perasaan,1
id,perdebatan,1
id,pericoli,1
id,perilaku,1
id,peringkat,1
id,permasalahan,1
id,permintaan,1
id,peroleh,1
id,persembahan,1
id,persendirian,1
id,perubahan,1
id,pilih,1
id,political,1
id,politis,1
id,position,1
id,power,1
id,pribadi,1
id,problem,1
id,produksi,1
id,program,1
id,proyek,1
id,ptn,1
id,publik,1
id,puluh,1
id,rage,1
id,random,1
id,rangka,1
id,rasakan,1
id,regenbogen,1
id,rencana,1
id,representasi,1
id,respon,1
id,review,1
id,ringkasan,1
id,riset,1
id,rujukan,1
id,rumpun,1
id,sadar,1
id,said,1
id,sains,1
id,samping,1
id,sasterawan,1
id,sc,1
id,science,1
id,sebangsa,1
id,sebaris,1
id,sediakala,1
id,sehari,1
id,seiring,1
id,sejarah,1
id,sekolah,1
id,seleksi,1
id,seputar,1
id,setahun,1
id,setia,1
id,sheffield,1
id,short,1
id,silenced,1
id,sisi,1
id,sistem,1
id,situation,1
id,smp,1
id,solver,1
id,speak,1
id,spring,1
id,square,1
id,statistik,1
id,story,1
id,strategi,1
id,straus,1
id,student,1
id,such,1
id,susan,1
id,syukuri,1
id,syuting,1
id,t,1
id,tahap,1
id,teacher,1
id,teater,1
id,teoritis,1
id,terbersit,1
id,terbiasa,1
id,terdokumentasikan,1
id,terkemuka,1
id,terlibat,1
id,termotivasi,1
id,terpenting,1
id,terpercaya,1
id,tersapa,1
id,tersedia,1
id,tertua,1
id,terwujud,1
id,their,1
id,them,1
id,tingkat,1
id,to,1
id,tonggak,1
id,tradisi,1
id,truppe,1
id,tryout,1
id,tua,1
id,tulis,1
id,tumbuh,1
id,tuntas,1
id,ulah,1
id,un,1
id,undergraduate,1
id,universiti,1
id,unsur,1
id,versi,1
id,view,1
id,views,1
id,vintage,1
id,warwick,1
id,wewenang,1
id,who,1
id,why,1
id,wilayah,1
id,window,1
id,windows,1
id,winter,1
id,world,1
id,writers,1
id,writing,1
id,written,1
id,young,1
